<?xml version="1.0" encoding="UTF-8"?>
<project-private xmlns="http://www.netbeans.org/ns/project-private/1">
    <editor-bookmarks xmlns="http://www.netbeans.org/ns/editor-bookmarks/2" lastBookmarkId="0"/>
    <open-files xmlns="http://www.netbeans.org/ns/projectui-open-files/2">
        <group>
            <file>file:/D:/MPLABXProjects/car_black.X/matrix.c</file>
            <file>file:/D:/MPLABXProjects/car_black.X/eeprom.c</file>
            <file>file:/D:/MPLABXProjects/car_black.X/adc.h</file>
            <file>file:/D:/MPLABXProjects/car_black.X/main1.h</file>
            <file>file:/D:/MPLABXProjects/car_black.X/adc.c</file>
            <file>file:/D:/MPLABXProjects/car_black.X/eeprom.h</file>
            <file>file:/D:/MPLABXProjects/car_black.X/set_time.c</file>
            <file>file:/D:/MPLABXProjects/car_black.X/change_password.c</file>
            <file>file:/D:/MPLABXProjects/car_black.X/i2c.c</file>
            <file>file:/D:/MPLABXProjects/car_black.X/ds1307.c</file>
            <file>file:/D:/MPLABXProjects/car_black.X/ext_eeprom.h</file>
            <file>file:/D:/MPLABXProjects/car_black.X/main.h</file>
            <file>file:/D:/MPLABXProjects/car_black.X/uart.h</file>
            <file>file:/D:/MPLABXProjects/car_black.X/password.c</file>
            <file>file:/D:/MPLABXProjects/car_black.X/download_log.c</file>
            <file>file:/D:/MPLABXProjects/car_black.X/main.c</file>
            <file>file:/D:/MPLABXProjects/car_black.X/ds1307.h</file>
            <file>file:/D:/MPLABXProjects/car_black.X/external_eeprom.c</file>
            <file>file:/D:/MPLABXProjects/car_black.X/isr.c</file>
            <file>file:/D:/MPLABXProjects/car_black.X/timer0.c</file>
            <file>file:/D:/MPLABXProjects/car_black.X/i2c.h</file>
            <file>file:/D:/MPLABXProjects/car_black.X/view_log.c</file>
            <file>file:/D:/MPLABXProjects/car_black.X/timer0.h</file>
            <file>file:/D:/MPLABXProjects/car_black.X/clcd.c</file>
            <file>file:/D:/MPLABXProjects/car_black.X/store.c</file>
            <file>file:/D:/MPLABXProjects/car_black.X/clcd.h</file>
            <file>file:/D:/MPLABXProjects/car_black.X/clear_log.c</file>
            <file>file:/D:/MPLABXProjects/car_black.X/matrix_keypad.h</file>
        </group>
    </open-files>
</project-private>
